City_ID,City,Country,Date,Lat,Lng,Max Temp,Humidity,Cloudiness,Wind Speed
0,Butaritari,KI,2022-07-31 02:02:42,3.0707,172.7902,81.32,74,92,15.57
1,Rikitea,PF,2022-07-31 02:01:07,-23.1203,-134.9692,72.93,75,5,15.95
2,Skara,SE,2022-07-31 02:02:43,58.3866,13.4384,58.23,86,83,5.08
3,Yulara,AU,2022-07-31 02:02:43,-25.2406,130.9889,65.7,41,10,14.32
4,Jamestown,US,2022-07-31 02:00:03,42.097,-79.2353,64.71,54,1,2.21
5,Panaba,MX,2022-07-31 02:02:44,21.2833,-88.2667,76.91,84,92,8.99
6,Atuona,PF,2022-07-31 02:01:12,-9.8,-139.0333,76.75,77,12,14.45
7,Dikson,RU,2022-07-31 02:01:18,73.5069,80.5464,41.34,94,99,10.38
8,Bahia Blanca,AR,2022-07-31 01:58:00,-38.7196,-62.2724,50.43,66,100,3.65
9,Albany,US,2022-07-31 02:02:18,42.6001,-73.9662,71.64,68,0,6.24
10,Sindal,DK,2022-07-31 02:02:45,57.4712,10.2031,58.73,94,98,6.4
11,Hermanus,ZA,2022-07-31 02:02:45,-34.4187,19.2345,44.8,69,49,4.85
12,Sisimiut,GL,2022-07-31 02:02:46,66.9395,-53.6735,47.14,79,82,0.47
13,Punta Arenas,CL,2022-07-31 02:01:07,-53.15,-70.9167,41.11,68,99,26.71
14,Kodiak,US,2022-07-31 02:02:46,57.79,-152.4072,62.11,72,100,10.36
15,Santa Isabel Do Rio Negro,BR,2022-07-31 02:02:47,-0.4139,-65.0192,71.85,98,84,2.28
16,Barrow,US,2022-07-31 02:02:47,71.2906,-156.7887,35.62,87,100,8.05
17,Tuktoyaktuk,CA,2022-07-31 02:02:48,69.4541,-133.0374,46.29,61,88,5.7
18,Ushuaia,AR,2022-07-31 02:01:14,-54.8,-68.3,42.46,70,40,20.71
19,Ribeira Grande,PT,2022-07-31 02:02:49,38.5167,-28.7,73.81,70,15,1.32
20,Dubbo,AU,2022-07-31 02:02:49,-32.25,148.6167,51.93,62,75,5.75
21,Carnarvon,AU,2022-07-31 02:00:25,-24.8667,113.6333,64.78,45,5,16.26
22,Coahuayana,MX,2022-07-31 02:02:50,18.7333,-103.6833,79.68,82,100,1.77
23,Mataura,NZ,2022-07-31 02:02:50,-46.1927,168.8643,46.47,94,98,6.91
24,North Myrtle Beach,US,2022-07-31 02:02:51,33.816,-78.68,82.11,92,0,0.0
25,Busselton,AU,2022-07-31 02:02:51,-33.65,115.3333,57.81,63,59,10.18
26,Palafrugell,ES,2022-07-31 02:02:52,41.9174,3.1631,77.36,53,0,3.0
27,Oshnaviyeh,IR,2022-07-31 02:02:52,37.0397,45.0983,67.75,58,0,1.92
28,Kotra,IN,2022-07-31 02:02:53,25.8167,79.3167,85.3,67,100,9.31
29,Sao Filipe,CV,2022-07-31 02:02:53,14.8961,-24.4956,77.45,79,100,7.23
30,Arraial Do Cabo,BR,2022-07-31 02:02:54,-22.9661,-42.0278,66.94,67,3,14.29
31,Port Hedland,AU,2022-07-31 02:02:54,-20.3167,118.5667,78.85,27,26,18.41
32,Castro,BR,2022-07-31 02:01:00,-24.7911,-50.0119,46.15,75,6,3.44
33,Cabedelo,BR,2022-07-31 02:02:55,-6.9811,-34.8339,75.56,88,100,7.65
34,Lisakovsk,KZ,2022-07-31 02:02:55,52.5369,62.4936,62.17,81,35,7.23
35,Aklavik,CA,2022-07-31 02:02:56,68.2191,-135.0107,53.1,63,100,10.42
36,Hanmer Springs,NZ,2022-07-31 02:02:57,-42.5167,172.8167,38.64,98,100,1.77
37,Norsup,VU,2022-07-31 02:02:57,-16.0667,167.3833,81.61,69,100,6.38
38,Odessa,UA,2022-07-31 02:02:58,46.4775,30.7326,73.83,59,32,12.08
39,Henties Bay,NA,2022-07-31 02:02:58,-22.116,14.2845,54.54,84,52,11.77
40,Naze,JP,2022-07-31 02:02:58,28.3667,129.4833,83.32,85,90,27.92
41,Sao Miguel Do Araguaia,BR,2022-07-31 02:02:59,-13.275,-50.1628,71.85,27,4,3.58
42,Avarua,CK,2022-07-31 02:02:59,-21.2078,-159.775,78.85,73,40,18.41
43,Cape Town,ZA,2022-07-31 01:59:58,-33.9258,18.4232,46.9,92,40,4.61
44,Charters Towers,AU,2022-07-31 02:03:00,-20.1,146.2667,70.48,56,97,17.56
45,Sao Joao Da Barra,BR,2022-07-31 02:03:01,-21.6403,-41.0511,64.27,71,0,7.27
46,Qasigiannguit,GL,2022-07-31 02:03:01,68.8193,-51.1922,46.65,89,100,10.42
47,Bam,IR,2022-07-31 02:04:02,29.106,58.357,88.88,27,65,6.49
48,Souillac,MU,2022-07-31 02:01:10,-20.5167,57.5167,69.26,73,80,14.27
49,Cherskiy,RU,2022-07-31 02:04:02,68.75,161.3,67.37,37,39,15.79
50,Cidreira,BR,2022-07-31 02:02:20,-30.1811,-50.2056,53.82,81,0,6.31
51,Soyo,AO,2022-07-31 02:04:03,-6.1349,12.3689,71.04,87,75,8.52
52,Puerto Ayora,EC,2022-07-31 02:03:42,-0.7393,-90.3518,71.55,87,50,1.99
53,Maryville,US,2022-07-31 02:04:04,35.7565,-83.9705,79.0,92,75,4.61
54,Vaini,TO,2022-07-31 02:04:04,-21.2,-175.2,80.76,89,40,10.36
55,Belfast,GB,2022-07-31 02:02:40,54.5833,-5.9333,58.82,78,100,6.91
56,Kaitangata,NZ,2022-07-31 02:04:05,-46.2817,169.8464,43.74,88,98,9.91
57,Ibra,OM,2022-07-31 02:04:05,22.6906,58.5334,79.75,66,91,3.78
58,Hobart,AU,2022-07-31 02:02:32,-42.8794,147.3294,53.46,71,75,11.5
59,Longyearbyen,SJ,2022-07-31 02:02:19,78.2186,15.6401,48.04,87,75,11.5
60,San Luis De La Paz,MX,2022-07-31 02:04:06,21.3,-100.5167,58.14,77,98,16.24
61,Chokurdakh,RU,2022-07-31 02:02:27,70.6333,147.9167,68.72,42,1,6.85
62,Nemuro,JP,2022-07-31 02:04:07,43.3236,145.575,72.88,81,94,5.32
63,Pochutla,MX,2022-07-31 02:04:07,15.7432,-96.4661,78.82,88,98,3.74
64,Clyde River,CA,2022-07-31 02:04:08,70.4692,-68.5914,37.63,100,100,8.05
65,Sokolo,ML,2022-07-31 02:04:08,14.7328,-6.1219,75.58,83,63,6.35
66,Faanui,PF,2022-07-31 02:04:09,-16.4833,-151.75,79.2,70,5,22.64
67,Mahajanga,MG,2022-07-31 02:04:09,-15.7167,46.3167,67.84,76,1,8.48
68,Hermiston,US,2022-07-31 02:04:10,45.8404,-119.2895,109.96,12,0,4.61
69,Sacramento,US,2022-07-31 01:59:50,38.4666,-121.3177,94.19,49,40,7.0
70,Zarubino,RU,2022-07-31 02:04:10,42.63,131.0922,74.64,88,100,4.59
71,Cotonou,BJ,2022-07-31 02:04:11,6.3654,2.4183,75.49,81,99,13.24
72,Kapaa,US,2022-07-31 02:01:05,22.0752,-159.319,81.48,76,22,5.01
73,Port Lincoln,AU,2022-07-31 02:04:12,-34.7333,135.8667,56.1,70,45,21.97
74,Mehamn,NO,2022-07-31 02:04:12,71.0357,27.8492,49.95,100,100,5.75
75,Kitimat,CA,2022-07-31 02:01:12,54.0524,-128.6534,76.91,53,68,1.99
76,Havre-Saint-Pierre,CA,2022-07-31 02:04:13,50.2334,-63.5986,61.5,80,98,12.88
77,Takoradi,GH,2022-07-31 02:04:13,4.8845,-1.7554,73.17,86,100,9.06
78,Olinda,BR,2022-07-31 02:04:14,-8.0089,-34.8553,74.93,88,75,3.44
79,Deputatskiy,RU,2022-07-31 02:04:14,69.3,139.9,66.29,56,94,3.69
80,Belaya Gora,RU,2022-07-31 02:04:15,68.5333,146.4167,69.82,52,36,5.5
81,Ilulissat,GL,2022-07-31 02:04:15,69.2167,-51.1,46.42,87,100,5.75
82,San Antonio,US,2022-07-31 02:03:11,29.4241,-98.4936,94.59,41,0,23.02
83,Tiksi,RU,2022-07-31 02:04:16,71.6872,128.8694,51.6,71,100,4.85
84,Bluff,NZ,2022-07-31 02:04:16,-46.6,168.3333,46.8,76,38,16.51
85,Macusani,PE,2022-07-31 02:04:17,-14.0833,-70.4333,39.58,50,1,0.25
86,Adeje,ES,2022-07-31 02:04:17,28.1227,-16.726,73.87,86,20,5.75
87,Aquiraz,BR,2022-07-31 02:04:18,-3.9014,-38.3911,77.18,87,31,9.42
88,Mirnyy,RU,2022-07-31 02:04:18,62.5353,113.9611,73.24,64,21,1.99
89,Auka,HN,2022-07-31 02:04:19,14.9333,-83.8333,75.63,96,100,3.29
90,Mahebourg,MU,2022-07-31 02:01:11,-20.4081,57.7,70.25,70,93,17.2
91,Port Alfred,ZA,2022-07-31 02:02:23,-33.5906,26.891,50.18,78,2,5.01
92,Nanortalik,GL,2022-07-31 02:03:44,60.1432,-45.2371,44.02,89,94,2.53
93,Gondar,ET,2022-07-31 02:04:20,12.6,37.4667,57.22,92,99,0.16
94,Ratnagiri,IN,2022-07-31 02:04:20,16.9833,73.3,80.33,84,24,6.96
95,Ponta Do Sol,PT,2022-07-31 02:05:21,32.6667,-17.1,72.72,83,10,6.76
96,Kruisfontein,ZA,2022-07-31 02:05:22,-34.0033,24.7314,50.34,75,94,14.09
97,Puerto Ayacucho,VE,2022-07-31 02:03:36,5.6639,-67.6236,75.2,90,100,3.76
98,Srimushnam,IN,2022-07-31 02:05:22,11.4,79.4167,83.25,71,39,7.16
99,Victoria,HK,2022-07-31 02:04:00,22.2855,114.1577,91.04,75,20,4.0
100,Hofn,IS,2022-07-31 02:05:23,64.2539,-15.2082,49.35,59,71,10.56
101,Champasak,LA,2022-07-31 02:05:23,14.75,106.0,79.39,86,100,2.13
102,Jiaozuo,CN,2022-07-31 02:05:24,35.2397,113.2331,85.01,65,1,3.56
103,Chuy,UY,2022-07-31 02:04:54,-33.6971,-53.4616,48.07,82,13,4.07
104,Severo-Yeniseyskiy,RU,2022-07-31 02:05:25,60.3725,93.0408,71.62,68,15,4.38
105,Iqaluit,CA,2022-07-31 02:05:25,63.7506,-68.5145,45.7,100,99,5.01
106,Sibu,MY,2022-07-31 02:05:25,2.3,111.8167,77.02,91,100,2.86
107,Tasiilaq,GL,2022-07-31 02:05:26,65.6145,-37.6368,42.96,62,36,6.17
108,Golden,US,2022-07-31 02:01:42,39.7555,-105.2211,85.37,30,75,12.66
109,Green,US,2022-07-31 02:05:27,40.9459,-81.4832,70.0,75,40,6.91
110,Maniitsoq,GL,2022-07-31 02:05:27,65.4167,-52.9,44.26,86,50,11.95
111,Guerrero Negro,MX,2022-07-31 02:05:28,27.9769,-114.0611,72.36,71,8,14.67
112,Santa Cruz,BO,2022-07-31 02:05:28,-17.8,-63.1667,67.46,56,100,3.44
113,Broken Hill,AU,2022-07-31 02:05:29,-31.95,141.4333,58.35,35,100,19.39
114,Kalmunai,LK,2022-07-31 02:05:29,7.4167,81.8167,79.66,78,100,3.2
115,Torbay,CA,2022-07-31 02:05:30,47.6666,-52.7314,66.58,91,100,20.71
116,Suntar,RU,2022-07-31 02:05:30,62.1444,117.6319,76.68,51,97,4.52
117,Baoning,CN,2022-07-31 02:05:31,25.3378,110.026,87.6,56,8,2.39
118,Hithadhoo,MV,2022-07-31 02:05:31,-0.6,73.0833,80.35,75,100,14.58
119,Yellowknife,CA,2022-07-31 02:02:22,62.456,-114.3525,57.72,72,75,9.22
120,Cabo San Lucas,MX,2022-07-31 02:04:03,22.8909,-109.9124,88.61,62,40,9.22
121,Bredasdorp,ZA,2022-07-31 02:05:33,-34.5322,20.0403,44.62,87,14,4.7
122,Provost,CA,2022-07-31 02:00:46,52.3501,-110.2683,70.74,73,2,10.51
123,Muros,ES,2022-07-31 02:05:33,42.7762,-9.0603,69.1,70,0,12.73
124,Esperance,AU,2022-07-31 02:05:34,-33.8667,121.9,53.1,68,36,16.64
125,Mecca,SA,2022-07-31 02:05:34,21.4267,39.8261,86.56,27,14,3.76
126,Nantucket,US,2022-07-31 02:05:19,41.2835,-70.0995,75.02,88,75,5.75
127,Pangnirtung,CA,2022-07-31 02:05:35,66.1451,-65.7125,51.6,88,100,3.76
128,Haines Junction,CA,2022-07-31 02:05:35,60.7522,-137.5108,69.06,42,67,8.52
129,Narsaq,GL,2022-07-31 02:05:36,60.9167,-46.05,48.42,92,36,2.44
130,Iralaya,HN,2022-07-31 02:05:36,15.0,-83.2333,80.56,86,100,14.05
131,Palmer,US,2022-07-31 02:05:37,42.1584,-72.3287,71.44,78,0,0.0
132,Krasnozatonskiy,RU,2022-07-31 02:05:37,61.6758,50.9794,61.02,100,40,0.0
133,Pevek,RU,2022-07-31 02:01:17,69.7008,170.3133,49.01,61,17,8.72
134,Mar Del Plata,AR,2022-07-31 02:05:38,-38.0023,-57.5575,53.1,88,0,10.0
135,New Norfolk,AU,2022-07-31 02:02:23,-42.7826,147.0587,53.1,62,100,7.58
136,Lorengau,PG,2022-07-31 02:05:39,-2.0226,147.2712,84.7,66,95,10.29
137,Jutai,BR,2022-07-31 02:05:39,-5.1833,-68.9,78.51,72,99,2.64
138,Labuhan,ID,2022-07-31 02:05:40,-6.8844,112.2051,81.45,67,90,7.05
139,Port Elizabeth,ZA,2022-07-31 02:02:21,-33.918,25.5701,51.31,79,36,5.99
140,Saint-Philippe,RE,2022-07-31 02:05:40,-21.3585,55.7679,71.11,80,36,13.85
141,Georgetown,MY,2022-07-31 02:03:43,5.4112,100.3354,84.13,81,20,2.3
142,Marang,MY,2022-07-31 02:06:41,5.2056,103.2059,81.97,79,100,5.08
143,Adelaide,AU,2022-07-31 02:06:41,-34.9333,138.6,56.41,77,75,14.97
144,Porto Santo,PT,2022-07-31 02:06:42,33.072,-16.3415,70.18,78,40,11.5
145,Kindu,CD,2022-07-31 02:06:43,-2.95,25.95,70.74,93,99,1.99
146,Saldanha,ZA,2022-07-31 02:06:43,-33.0117,17.9442,50.72,77,10,9.26
147,Upernavik,GL,2022-07-31 02:06:43,72.7868,-56.1549,45.57,79,100,4.92
148,Bambous Virieux,MU,2022-07-31 02:06:44,-20.3428,57.7575,70.21,69,97,16.98
149,Trinidad,BO,2022-07-31 02:06:44,-14.8333,-64.9,69.48,51,4,2.8
150,Santa Rosalia,MX,2022-07-31 02:06:45,27.3167,-112.2833,85.3,65,9,8.95
151,Srednekolymsk,RU,2022-07-31 02:06:46,67.45,153.6833,73.49,28,13,11.36
152,Tessalit,ML,2022-07-31 02:06:46,20.1986,1.0114,86.31,41,80,13.96
153,Phek,IN,2022-07-31 02:06:47,25.6667,94.5,64.98,95,100,0.98
154,Andra,RU,2022-07-31 02:06:47,62.5147,65.8878,58.41,64,100,10.89
155,Khatanga,RU,2022-07-31 02:06:48,71.9667,102.5,46.44,87,100,11.03
156,Te Anau,NZ,2022-07-31 02:06:48,-45.4167,167.7167,42.31,79,73,0.43
157,Guiglo,CI,2022-07-31 02:06:49,6.5456,-7.4966,70.86,89,100,3.58
158,Santa Rosa,PH,2022-07-31 02:06:49,14.3122,121.1114,87.12,73,98,1.97
159,Leningradskiy,RU,2022-07-31 02:06:50,69.3833,178.4167,49.89,64,68,7.29
160,Codajas,BR,2022-07-31 02:06:50,-3.8367,-62.0569,76.8,78,86,2.68
161,Bengkulu,ID,2022-07-31 02:06:51,-3.8004,102.2655,78.08,84,97,2.82
162,Shubarkuduk,KZ,2022-07-31 02:06:51,49.1447,56.4872,69.71,61,2,4.9
163,Khandyga,RU,2022-07-31 02:06:52,62.6667,135.6,74.66,61,100,4.92
164,Hasaki,JP,2022-07-31 02:04:48,35.7333,140.8333,97.29,67,4,3.51
165,Kolondieba,ML,2022-07-31 02:06:52,11.0882,-6.8926,71.64,94,23,2.39
166,Klaksvik,FO,2022-07-31 02:06:53,62.2266,-6.589,52.72,79,5,16.67
167,Goundam,ML,2022-07-31 02:06:53,16.4145,-3.6708,85.93,53,6,12.03
168,The Pas,CA,2022-07-31 02:03:21,53.8251,-101.2541,59.02,94,100,3.44
169,Baruun-Urt,MN,2022-07-31 02:06:54,46.6806,113.2792,72.36,57,0,7.11
170,Severo-Kurilsk,RU,2022-07-31 02:06:54,50.6789,156.125,57.13,81,24,7.47
171,Awbari,LY,2022-07-31 02:06:55,26.5921,12.7805,80.87,24,7,6.78
172,Dongsheng,CN,2022-07-31 02:06:56,39.8161,109.9776,75.09,52,4,15.86
173,Bandarbeyla,SO,2022-07-31 02:04:49,9.4942,50.8122,75.97,73,55,24.25
174,Saint-Louis,SN,2022-07-31 02:02:13,16.3333,-15.0,80.92,68,100,6.55
175,Nikolskoye,RU,2022-07-31 02:06:56,59.7035,30.7861,55.8,97,7,4.81
176,Lahat,ID,2022-07-31 02:06:57,-3.8,103.5333,76.91,81,100,0.58
177,Kudymkar,RU,2022-07-31 02:06:57,59.0173,54.656,61.52,75,4,1.68
178,Pangai,TO,2022-07-31 02:06:58,-19.8,-174.35,77.67,80,30,18.32
179,Lavrentiya,RU,2022-07-31 02:02:22,65.5833,-171.0,48.06,72,93,4.85
180,Morristown,US,2022-07-31 02:06:59,36.214,-83.2949,77.05,78,40,0.0
181,Axim,GH,2022-07-31 02:06:59,4.8699,-2.2405,74.07,84,96,9.69
182,Constitucion,CL,2022-07-31 02:07:00,-35.3333,-72.4167,51.26,88,90,4.5
183,Kangaatsiaq,GL,2022-07-31 02:07:00,68.3065,-53.4641,44.38,94,99,5.99
184,Pisco,PE,2022-07-31 02:07:01,-13.7,-76.2167,60.85,82,0,10.36
185,Biak,ID,2022-07-31 02:07:01,-0.9131,122.8766,80.01,81,88,5.46
186,Velingara,SN,2022-07-31 02:08:02,13.15,-14.1167,73.18,97,100,6.11
187,Talcahuano,CL,2022-07-31 02:08:02,-36.7167,-73.1167,46.08,93,40,2.3
188,Beloha,MG,2022-07-31 02:08:03,-25.1667,45.05,63.81,82,6,3.06
189,North Bend,US,2022-07-31 02:08:03,43.4065,-124.2243,80.24,94,0,8.05
190,San Quintin,MX,2022-07-31 02:08:04,30.4833,-115.95,71.2,74,12,8.95
191,Mount Gambier,AU,2022-07-31 02:08:04,-37.8333,140.7667,49.91,87,100,17.27
192,Lazaro Cardenas,MX,2022-07-31 02:08:04,17.9583,-102.2,80.94,77,100,2.19
193,Hamilton,US,2022-07-31 02:03:16,39.1834,-84.5333,74.25,70,0,3.44
194,Hovd,MN,2022-07-31 02:08:05,48.0056,91.6419,73.0,32,100,0.63
195,Norman Wells,CA,2022-07-31 02:08:06,65.282,-126.8329,63.3,50,69,8.3
196,Lompoc,US,2022-07-31 02:08:06,34.6391,-120.4579,82.54,86,0,14.97
197,Hilo,US,2022-07-31 02:08:07,19.7297,-155.09,85.28,79,100,10.36
198,Thompson,CA,2022-07-31 02:08:07,55.7435,-97.8558,60.3,47,100,6.93
199,Padang,ID,2022-07-31 02:08:08,-0.9492,100.3543,83.44,69,27,1.66
200,Najran,SA,2022-07-31 02:08:09,17.4924,44.1277,82.18,42,100,2.68
201,East London,ZA,2022-07-31 02:08:09,-33.0153,27.9116,56.75,63,12,15.82
202,Viedma,AR,2022-07-31 02:08:10,-40.8135,-62.9967,44.85,65,100,5.86
203,Netishyn,UA,2022-07-31 02:08:10,50.34,26.6417,62.33,78,100,10.49
204,Ampanihy,MG,2022-07-31 02:08:11,-24.7,44.75,63.79,81,5,2.37
205,Arrecife,ES,2022-07-31 02:08:11,28.963,-13.5477,73.38,78,0,14.97
206,San Patricio,US,2022-07-31 02:08:12,28.017,-97.5169,86.18,68,45,12.55
207,Surenavan,AM,2022-07-31 02:08:12,39.75,44.8,72.55,57,10,7.47
208,Fort Nelson,CA,2022-07-31 02:08:13,58.8053,-122.7002,68.11,60,99,3.18
209,Alice Springs,AU,2022-07-31 02:08:13,-23.7,133.8833,69.35,32,79,3.44
210,Bethel,US,2022-07-31 02:08:13,41.3712,-73.414,75.51,71,0,5.75
211,Faya,SA,2022-07-31 02:08:14,18.3851,42.4509,64.92,63,83,5.35
212,Yola,NG,2022-07-31 02:08:15,9.2,12.4833,70.93,96,92,3.06
213,Valle De Bravo,MX,2022-07-31 02:08:15,19.1833,-100.1333,60.44,96,100,0.74
214,Araouane,ML,2022-07-31 02:08:16,18.9048,-3.5265,90.01,38,96,7.45
215,Dingle,PH,2022-07-31 02:08:16,10.9995,122.6711,83.41,79,100,7.2
216,Ossora,RU,2022-07-31 02:08:17,59.2353,163.0719,56.68,82,96,13.33
217,Kavieng,PG,2022-07-31 02:08:17,-2.5744,150.7967,85.15,63,88,10.65
218,Saskylakh,RU,2022-07-31 02:04:58,71.9167,114.0833,53.13,95,100,10.42
219,Yaan,NG,2022-07-31 02:08:18,7.3833,8.5667,70.66,96,100,6.08
220,Tarauaca,BR,2022-07-31 02:08:18,-8.1614,-70.7656,77.18,70,91,2.08
221,Visnes,NO,2022-07-31 02:08:19,59.3556,5.2242,59.83,94,100,14.97
222,Innisfail,AU,2022-07-31 02:08:19,-17.5333,146.0333,71.87,79,100,6.96
223,Karratha,AU,2022-07-31 02:08:20,-20.7377,116.8463,77.99,37,6,10.18
224,Tezu,IN,2022-07-31 02:08:20,27.9167,96.1667,80.91,85,76,2.86
225,Cayenne,GF,2022-07-31 02:08:21,4.9333,-52.3333,78.1,1,100,0.0
226,Plettenberg Bay,ZA,2022-07-31 02:08:21,-34.0527,23.3716,50.32,81,72,10.89
227,Westport,US,2022-07-31 02:08:22,41.1415,-73.3579,78.19,58,0,4.61
228,Quatre Cocos,MU,2022-07-31 02:08:22,-20.2078,57.7625,70.09,68,96,15.66
229,Kamloops,CA,2022-07-31 02:05:09,50.6665,-120.3192,95.58,31,2,1.99
230,Hobyo,SO,2022-07-31 02:09:23,5.3505,48.5268,74.95,85,87,22.75
231,Mercedes,AR,2022-07-31 02:09:23,-34.6515,-59.4307,52.65,78,74,6.4
232,Xiaolingwei,CN,2022-07-31 02:09:24,32.0333,118.85,87.3,66,4,6.42
233,Krini,GR,2022-07-31 02:09:25,39.387,22.3509,71.31,47,0,2.44
234,Revda,RU,2022-07-31 02:09:25,56.801,59.9303,63.63,67,100,2.39
235,Fairbanks,US,2022-07-31 02:06:52,64.8378,-147.7164,78.03,39,100,1.99
236,Bukavu,CD,2022-07-31 02:09:26,-2.5083,28.8608,59.49,91,8,0.85
237,Usak,TR,2022-07-31 02:09:26,38.5,29.4167,66.33,51,0,2.64
238,Katsuura,JP,2022-07-31 02:07:20,35.1333,140.3,86.65,70,5,14.0
239,Gigmoto,PH,2022-07-31 02:09:27,13.7796,124.39,85.78,71,100,10.94
240,San Pedro,PH,2022-07-31 02:09:27,14.35,121.0167,86.36,74,99,2.46
241,Leshukonskoye,RU,2022-07-31 02:09:28,64.8989,45.7622,61.0,89,81,2.24
242,Jacqueville,CI,2022-07-31 02:09:28,5.2052,-4.4146,75.04,83,61,12.73
243,Kushima,JP,2022-07-31 02:09:29,31.4583,131.2333,82.78,92,92,13.6
244,Kashi,CN,2022-07-31 02:09:29,39.4547,75.9797,79.32,27,97,7.16
245,Lupao,PH,2022-07-31 02:09:30,15.8793,120.8983,83.53,75,97,4.03
246,Esil,KZ,2022-07-31 02:09:30,51.9556,66.4042,63.95,76,42,10.78
247,Neiafu,TO,2022-07-31 02:09:31,-18.65,-173.9833,83.08,74,20,11.5
248,Ulety,RU,2022-07-31 02:09:31,51.3572,112.4849,72.07,49,37,4.21
249,Mandalgovi,MN,2022-07-31 02:09:32,45.7625,106.2708,75.29,26,95,9.33
250,Bako,ET,2022-07-31 02:07:17,5.7833,36.5667,64.02,75,99,2.01
251,Ginda,IN,2022-07-31 02:09:33,30.6945,78.4932,65.12,94,100,1.14
252,Rambouillet,FR,2022-07-31 02:09:33,48.5833,1.9167,66.63,86,27,5.12
253,Saint George,US,2022-07-31 02:09:33,37.1041,-113.5841,93.63,37,100,11.01
254,Paka,MY,2022-07-31 02:09:34,4.6374,103.4368,82.06,77,100,6.64
255,Beaupre,CA,2022-07-31 02:09:34,47.0443,-70.8953,66.67,83,3,7.83
256,Veraval,IN,2022-07-31 02:09:35,20.9,70.3667,81.59,78,95,13.13
257,Madona,LV,2022-07-31 02:09:35,56.8533,26.217,48.94,84,78,1.7
258,Belmonte,BR,2022-07-31 02:09:36,-15.8631,-38.8828,73.85,90,8,8.37
259,Margate,GB,2022-07-31 02:09:36,51.3813,1.3862,66.87,86,99,1.99
260,Tadine,NC,2022-07-31 02:09:36,-21.55,167.8833,69.6,86,100,20.96
261,Wasilla,US,2022-07-31 02:09:37,61.5814,-149.4394,62.53,79,100,3.44
262,Husavik,IS,2022-07-31 02:09:37,66.0449,-17.3389,43.02,93,100,19.8
263,Solton,RU,2022-07-31 02:09:38,52.8429,86.4787,65.07,92,61,3.6
264,Kemijarvi,FI,2022-07-31 02:09:38,66.7131,27.4306,47.39,98,99,3.51
265,Yeppoon,AU,2022-07-31 02:09:39,-23.1333,150.7333,67.78,65,100,14.97
266,Jalingo,NG,2022-07-31 02:09:39,8.8833,11.3667,71.28,96,100,4.12
267,Pandan Niog,PH,2022-07-31 02:09:39,6.2282,120.5631,83.03,74,100,8.61
268,Ahipara,NZ,2022-07-31 02:09:40,-35.1667,173.1667,56.86,58,25,19.75
269,The Valley,AI,2022-07-31 02:09:40,18.217,-63.0578,84.06,85,40,22.08
270,Wawa,NG,2022-07-31 02:09:41,9.9022,4.4192,73.42,92,100,3.96
271,Soure,BR,2022-07-31 02:09:41,-0.7167,-48.5233,79.05,84,59,9.71
272,Tevaitoa,PF,2022-07-31 02:09:42,-16.7833,-151.5,78.73,71,7,23.26
273,Adrar,MR,2022-07-31 02:09:42,20.5022,-10.0711,89.55,38,6,7.05
274,Qaanaaq,GL,2022-07-31 02:09:43,77.484,-69.3632,43.12,64,21,2.24
275,Lebu,CL,2022-07-31 02:09:43,-37.6167,-73.65,47.5,88,83,4.0
276,Bangassou,CF,2022-07-31 02:09:44,4.7413,22.8184,68.45,99,100,1.21
277,Port Blair,IN,2022-07-31 02:10:44,11.6667,92.75,80.64,89,40,3.44
278,Mogadishu,SO,2022-07-31 02:10:44,2.0371,45.3438,75.56,82,100,15.86
279,Kalabo,ZM,2022-07-31 02:10:45,-14.97,22.6814,54.57,33,0,6.46
280,Andros Town,BS,2022-07-31 02:10:45,24.7,-77.7667,84.16,76,99,18.52
281,Tulagi,SB,2022-07-31 02:10:46,-9.0996,160.1476,82.8,74,3,16.08
282,Isangel,VU,2022-07-31 02:09:57,-19.55,169.2667,74.07,83,100,6.38
283,Sao Paulo De Olivenca,BR,2022-07-31 02:10:47,-3.3783,-68.8725,74.32,94,71,1.97
284,Gillette,US,2022-07-31 02:06:32,44.2911,-105.5022,86.95,23,0,11.5
285,Itaituba,BR,2022-07-31 02:10:47,-4.2761,-55.9836,74.41,87,77,1.95
286,Namibe,AO,2022-07-31 02:10:48,-15.1961,12.1522,59.88,90,9,7.02
287,Saint Anthony,US,2022-07-31 02:10:48,45.0205,-93.218,80.53,60,0,10.36
288,Uglegorsk,RU,2022-07-31 02:10:49,49.0833,142.0333,64.0,91,100,3.96
289,Evanston,US,2022-07-31 02:06:02,42.0411,-87.6901,77.18,69,40,3.44
290,Atbasar,KZ,2022-07-31 02:10:50,51.8,68.3333,62.83,77,100,9.62
291,Gemlik,TR,2022-07-31 02:10:50,40.4309,29.1597,65.25,89,42,3.47
292,Port-Gentil,GA,2022-07-31 02:10:51,-0.7193,8.7815,73.8,83,23,8.72
293,Havelock,US,2022-07-31 02:10:52,34.8791,-76.9013,82.35,94,98,1.99
294,Nata,PA,2022-07-31 02:10:52,8.3333,-80.5167,78.33,87,100,4.41
295,Puri,IN,2022-07-31 02:10:53,19.8,85.85,84.72,75,100,14.38
296,Santos Dumont,BR,2022-07-31 02:07:43,-21.4567,-43.5525,50.11,95,1,2.98
297,Shahreza,IR,2022-07-31 02:10:53,32.0339,51.8794,74.97,49,43,1.88
298,Arcos De La Frontera,ES,2022-07-31 02:10:54,36.7508,-5.8106,76.32,71,0,2.24
299,Tahoua,NE,2022-07-31 02:10:54,14.8888,5.2692,79.34,59,99,12.48
300,Sitka,US,2022-07-31 02:10:55,57.0531,-135.33,60.69,88,100,0.0
301,Provideniya,RU,2022-07-31 02:10:55,64.3833,-173.3,52.54,69,99,8.39
302,Jimeta,NG,2022-07-31 02:10:56,9.2833,12.4667,71.4,95,97,3.78
303,Havoysund,NO,2022-07-31 02:10:56,70.9963,24.6622,52.03,87,100,12.35
304,Hualmay,PE,2022-07-31 02:10:57,-11.0964,-77.6139,62.47,82,8,9.98
305,Svay Rieng,KH,2022-07-31 02:10:57,11.0879,105.7993,85.42,72,97,7.96
306,Balaipungut,ID,2022-07-31 02:06:12,1.05,101.2833,81.45,76,49,4.74
307,Sao Geraldo Do Araguaia,BR,2022-07-31 02:10:58,-6.4006,-48.555,78.06,52,2,1.52
308,Kargopol,RU,2022-07-31 02:10:58,61.5071,38.9456,51.71,98,32,3.44
309,Coromandel,BR,2022-07-31 02:10:59,-18.4733,-47.2003,64.69,51,13,4.21
310,Broome,US,2022-07-31 02:10:59,42.2506,-75.833,64.47,87,0,2.89
311,Umba,RU,2022-07-31 02:11:00,66.6871,34.3429,52.68,97,54,10.02
312,Lucea,JM,2022-07-31 02:11:00,18.451,-78.1736,82.26,77,56,10.27
313,Xixiang,CN,2022-07-31 02:11:01,35.1628,112.865,85.73,65,6,2.8
314,Vadso,NO,2022-07-31 02:11:01,70.0744,29.7487,52.68,95,100,16.58
315,Yumen,CN,2022-07-31 02:11:02,40.2833,97.2,84.88,19,95,10.27
316,Mmathubudukwane,BW,2022-07-31 02:11:03,-24.6,26.4333,53.98,37,13,4.61
317,Kirakira,SB,2022-07-31 02:11:03,-10.4544,161.9205,84.72,67,8,9.66
318,Vila,PT,2022-07-31 02:11:04,42.0304,-8.1588,61.68,78,0,5.41
319,San Carlos De Bariloche,AR,2022-07-31 02:11:04,-41.1456,-71.3082,31.75,74,0,5.75
320,Atasu,KZ,2022-07-31 02:11:05,48.6814,71.6433,65.79,68,94,5.06
321,Moundsville,US,2022-07-31 02:11:05,39.9203,-80.7431,72.16,84,50,0.58
322,Saint-Augustin,CA,2022-07-31 02:11:06,51.226,-58.6502,60.98,85,19,9.33
323,Arlit,NE,2022-07-31 02:12:06,18.7369,7.3853,92.41,11,22,6.33
324,Coquimbo,CL,2022-07-31 02:12:07,-29.9533,-71.3436,55.13,94,100,4.61
325,Harper,LR,2022-07-31 02:12:07,4.375,-7.7169,74.95,81,100,7.23
326,Caravelas,BR,2022-07-31 02:08:32,-17.7125,-39.2481,72.36,92,18,7.25
327,Chengde,CN,2022-07-31 02:07:12,40.9725,117.9361,81.99,67,45,2.57
328,Bireun,ID,2022-07-31 02:12:08,5.203,96.7009,83.07,65,81,1.97
329,Ailigandi,PA,2022-07-31 02:12:09,9.2333,-78.0167,80.46,89,100,7.47
330,Ponta Delgada,PT,2022-07-31 02:12:09,37.7333,-25.6667,68.72,88,20,4.61
331,Safaga,EG,2022-07-31 02:12:10,26.7292,33.9365,85.86,37,53,11.59
332,Vostok,RU,2022-07-31 02:12:10,46.4856,135.8833,76.96,68,100,3.49
333,Sarti,GR,2022-07-31 02:12:11,40.1,23.9833,78.35,70,5,6.64
334,Ulagan,RU,2022-07-31 02:12:11,50.6321,87.9563,64.45,63,81,1.63
335,Poum,NC,2022-07-31 02:12:12,-20.2333,164.0167,72.48,73,25,22.17
336,Bow Island,CA,2022-07-31 02:12:12,49.8668,-111.3684,76.62,42,38,4.27
337,Hami,CN,2022-07-31 02:12:13,42.8,93.45,89.46,20,99,7.27
338,Asau,RO,2022-07-31 02:12:13,46.4333,26.4,65.32,92,100,3.83
339,Saint-Joseph,RE,2022-07-31 02:12:14,-21.3667,55.6167,70.11,77,32,13.06
340,Talnakh,RU,2022-07-31 02:12:14,69.4865,88.3972,47.21,85,100,16.2
341,Sept-Iles,CA,2022-07-31 02:12:15,50.2001,-66.3821,68.05,76,93,5.01
342,Half Moon Bay,US,2022-07-31 02:11:38,37.4636,-122.4286,73.02,83,100,18.41
343,Alyangula,AU,2022-07-31 02:12:15,-13.8483,136.4192,77.63,64,10,3.96
344,Tura,IN,2022-07-31 02:12:16,25.5198,90.2201,74.14,99,100,4.23
345,Okha,RU,2022-07-31 02:12:16,53.5739,142.9478,59.67,68,97,10.31
346,Matara,LK,2022-07-31 02:12:17,5.9485,80.5353,78.73,86,79,7.23
347,Nouakchott,MR,2022-07-31 02:12:17,18.0858,-15.9785,78.73,83,99,6.38
348,Bambanglipuro,ID,2022-07-31 02:12:18,-7.95,110.2833,79.68,74,83,6.02
349,Ostrovnoy,RU,2022-07-31 02:12:18,68.0531,39.5131,56.7,92,47,5.64
350,Itamaraju,BR,2022-07-31 02:12:19,-17.0392,-39.5311,68.76,99,28,1.19
351,Tuatapere,NZ,2022-07-31 02:08:32,-46.1333,167.6833,46.62,83,71,10.63
352,Boende,CD,2022-07-31 02:12:20,-0.2167,20.8667,71.98,85,92,0.78
353,Hudson Bay,CA,2022-07-31 02:12:20,52.85,-102.3842,57.24,98,100,10.16
354,Fukuyama,JP,2022-07-31 02:12:20,34.4833,133.3667,92.93,55,29,9.26
355,Roswell,US,2022-07-31 02:08:09,34.0232,-84.3616,76.26,95,0,0.0
356,Fortuna,US,2022-07-31 02:12:21,40.5982,-124.1573,65.93,84,75,11.5
357,Srivardhan,IN,2022-07-31 02:08:12,18.0333,73.0167,80.38,85,31,7.78
358,Atambua,ID,2022-07-31 02:10:17,-9.1061,124.8925,81.09,57,21,2.91
359,Dhupgari,IN,2022-07-31 02:12:22,26.5858,89.0145,78.17,93,100,4.27
360,Airai,TL,2022-07-31 02:07:27,-8.9266,125.4092,71.11,53,45,4.29
361,Kingston Upon Hull,GB,2022-07-31 02:07:42,53.7446,-0.3353,64.96,57,75,10.36
362,Vizinga,RU,2022-07-31 02:12:23,61.0749,50.1031,62.65,69,86,3.11
363,Fare,PF,2022-07-31 02:08:45,-16.7,-151.0167,78.94,70,0,23.0
364,Ancud,CL,2022-07-31 02:12:24,-41.8697,-73.8203,41.23,87,100,3.22
365,Basco,PH,2022-07-31 02:12:24,20.4487,121.9702,85.24,75,99,19.44
366,Praia Da Vitoria,PT,2022-07-31 02:12:25,38.7333,-27.0667,70.75,85,0,5.03
367,Tokur,RU,2022-07-31 02:12:25,53.1333,132.9,72.48,70,17,1.34
368,Lakes Entrance,AU,2022-07-31 02:12:26,-37.8811,147.981,57.31,50,100,8.37
369,Camacha,PT,2022-07-31 02:13:26,33.0833,-16.3333,67.42,78,40,11.5
370,Cadiz,ES,2022-07-31 02:09:23,36.5,-5.75,75.13,93,0,6.69
371,Minsk,BY,2022-07-31 02:13:27,53.9,27.5667,60.55,86,100,10.29
372,Chamba,IN,2022-07-31 02:13:27,32.5667,76.1333,75.69,93,100,0.54
373,Komsomolskiy,UZ,2022-07-31 02:13:28,40.4272,71.7189,79.52,41,100,4.61
374,Manggar,ID,2022-07-31 02:13:28,-2.8833,108.2667,80.92,82,100,9.26
375,Eureka,US,2022-07-31 02:13:29,40.8021,-124.1637,66.2,83,68,1.99
376,Caracoli,CO,2022-07-31 02:13:29,6.4119,-74.7606,71.82,85,100,4.12
377,Orlik,RU,2022-07-31 02:08:37,52.5178,99.825,64.78,53,100,6.44
378,Vestmannaeyjar,IS,2022-07-31 02:13:30,63.4427,-20.2734,49.96,76,10,14.5
379,Palmerston North,NZ,2022-07-31 02:09:30,-40.35,175.6167,49.05,81,100,10.0
380,Qiyang,CN,2022-07-31 02:13:30,26.5911,111.8474,90.55,44,60,1.95
381,Darab,IR,2022-07-31 02:13:30,28.7519,54.5444,80.31,64,91,3.0
382,Grootfontein,NA,2022-07-31 02:13:31,-19.5667,18.1167,54.41,32,2,6.98
383,Churapcha,RU,2022-07-31 02:11:44,62.0025,132.4325,81.46,49,54,9.13
384,Port Hardy,CA,2022-07-31 02:13:32,50.6996,-127.4199,66.97,76,16,13.94
385,Hoshangabad,IN,2022-07-31 02:13:32,22.75,77.7167,78.91,84,100,5.14
386,Los Llanos De Aridane,ES,2022-07-31 02:13:33,28.6585,-17.9182,69.55,90,100,14.97
387,Laguna,US,2022-07-31 02:13:33,38.421,-121.4238,94.32,51,0,10.36
388,Ahuimanu,US,2022-07-31 02:13:34,21.4447,-157.8378,83.91,70,75,17.27
389,San Pedro Del Parana,PY,2022-07-31 02:13:34,-26.8333,-56.2,50.02,73,9,4.59
390,Port Jervis,US,2022-07-31 02:13:35,41.3751,-74.6927,70.66,84,0,3.85
391,Grindavik,IS,2022-07-31 02:13:35,63.8424,-22.4338,48.67,87,75,8.05
392,Silvassa,IN,2022-07-31 02:13:35,20.2667,73.0167,79.47,87,31,4.43
393,Bulgan,MN,2022-07-31 02:13:36,48.8125,103.5347,68.95,57,1,4.27
394,Portland,US,2022-07-31 02:10:08,45.5234,-122.6762,100.9,32,20,12.66
395,Vietri Sul Mare,IT,2022-07-31 02:13:37,40.6687,14.7253,79.38,89,4,3.65
396,Manta,EC,2022-07-31 02:13:37,-0.95,-80.7333,73.18,83,20,11.5
397,Manicore,BR,2022-07-31 02:13:37,-5.8092,-61.3003,75.92,64,89,3.04
398,Guaratuba,BR,2022-07-31 02:12:37,-25.8828,-48.5747,56.82,78,25,1.9
399,Washington,US,2022-07-31 02:09:19,47.5001,-120.5015,102.9,13,0,6.51
400,Youkounkoun,GN,2022-07-31 02:13:38,12.5333,-13.1333,72.23,98,93,5.91
401,Wanaka,NZ,2022-07-31 02:13:39,-44.7,169.15,39.94,76,49,2.33
402,Lengshuitan,CN,2022-07-31 02:13:39,26.4111,111.5956,90.63,43,33,1.77
403,Vila Velha,BR,2022-07-31 02:13:40,-20.3297,-40.2925,69.75,64,100,8.05
404,Qui Nhon,VN,2022-07-31 02:13:41,13.7667,109.2333,87.46,63,33,4.5
405,Sistranda,NO,2022-07-31 02:13:41,63.7256,8.834,57.16,80,100,8.9
406,Oss,NL,2022-07-31 02:13:42,51.75,5.5333,67.24,80,100,1.14
407,Killybegs,IE,2022-07-31 02:09:50,54.6333,-8.45,56.75,88,96,7.47
408,Bandraboua,YT,2022-07-31 02:13:42,-12.7044,45.1223,71.28,75,0,3.11
409,Zhigansk,RU,2022-07-31 02:13:43,66.7697,123.3711,72.48,64,100,14.47
410,Arteaga,MX,2022-07-31 02:13:43,18.4667,-102.4167,64.81,94,100,0.74
411,Honiara,SB,2022-07-31 02:10:31,-9.4333,159.95,87.96,60,14,8.08
412,Cooma,AU,2022-07-31 02:13:44,-36.2333,149.1333,49.93,56,100,11.9
413,Krasnoye,UA,2022-07-31 02:13:44,49.9145,24.6134,64.58,92,100,4.68
414,Mahibadhoo,MV,2022-07-31 02:13:45,3.7833,72.9667,79.11,82,100,18.57
415,Mossendjo,CG,2022-07-31 02:13:45,-2.9506,12.7261,65.43,94,79,4.16
416,Puerto Madryn,AR,2022-07-31 02:12:48,-42.7692,-65.0385,46.29,54,75,3.6
417,Sao Gabriel Da Cachoeira,BR,2022-07-31 02:14:46,-0.1303,-67.0892,72.45,94,99,1.05
418,Smoky Lake,CA,2022-07-31 02:14:47,54.1169,-112.4686,68.16,72,13,8.05
419,Xuddur,SO,2022-07-31 02:14:47,4.1213,43.8894,68.63,81,33,17.38
420,Roald,NO,2022-07-31 02:14:48,62.5833,6.1333,62.17,94,20,5.75
421,North Las Vegas,US,2022-07-31 02:11:11,36.1989,-115.1175,98.02,32,0,8.05
422,Lasa,IT,2022-07-31 02:14:48,46.6166,10.7002,61.68,82,8,5.99
423,Boyolangu,ID,2022-07-31 02:14:49,-8.1181,111.8935,79.16,74,95,6.55
424,College,US,2022-07-31 02:14:49,64.8569,-147.8028,76.95,38,100,5.75
425,Balabac,PH,2022-07-31 02:14:50,7.9868,117.0645,83.39,78,99,6.26
426,Saint-Denis,FR,2022-07-31 02:14:50,48.9167,2.3333,68.14,76,0,3.44
427,Saint-Pierre,RE,2022-07-31 02:14:51,-21.3393,55.4781,71.19,72,0,6.91
428,Smederevska Palanka,RS,2022-07-31 02:14:51,44.3655,20.9589,66.29,92,75,5.46
429,Mayo,US,2022-07-31 02:14:52,38.8876,-76.5119,80.98,79,0,0.0
430,Shitanjing,CN,2022-07-31 02:13:00,39.2342,106.3439,79.2,51,89,7.0
431,Diego De Almagro,CL,2022-07-31 02:14:52,-26.3667,-70.05,55.08,61,2,1.5
432,Brainerd,US,2022-07-31 02:14:53,46.358,-94.2008,78.58,61,100,8.05
433,Sakakah,SA,2022-07-31 02:14:53,29.9697,40.2064,85.57,12,64,4.29
434,Stony Plain,CA,2022-07-31 02:14:54,53.5334,-114.0021,75.24,58,0,9.22
435,Truth Or Consequences,US,2022-07-31 02:14:54,33.1284,-107.2528,82.9,51,100,13.8
436,Amapa,BR,2022-07-31 02:13:16,1.0,-52.0,71.82,98,100,2.48
437,Khor,RU,2022-07-31 02:14:55,47.8861,134.9464,82.27,69,49,5.84
438,Berlevag,NO,2022-07-31 02:13:29,70.8578,29.0864,51.6,100,100,12.66
439,Doha,QA,2022-07-31 02:11:00,25.2867,51.5333,91.38,75,0,8.05
440,Batagay-Alyta,RU,2022-07-31 02:14:56,67.8006,130.4114,75.47,57,97,4.94
441,San Rafael,AR,2022-07-31 02:14:56,-34.6177,-68.3301,54.21,38,99,4.76
442,Tayoltita,MX,2022-07-31 02:14:57,24.0833,-105.9333,68.81,94,100,4.5
443,Rocha,UY,2022-07-31 02:14:57,-34.4833,-54.3333,47.28,82,100,4.32
444,Aksu,CN,2022-07-31 02:14:58,41.1231,80.2644,77.68,41,96,4.36
445,Woodward,US,2022-07-31 02:14:58,36.4337,-99.3904,79.83,78,40,6.91
446,Otofuke,JP,2022-07-31 02:14:59,42.9917,143.2003,85.15,72,100,12.97
447,Rabagani,RO,2022-07-31 02:14:59,46.75,22.2333,66.07,97,100,5.03
448,Ponca City,US,2022-07-31 02:15:00,36.707,-97.0856,77.9,88,0,3.44
449,Buriti Bravo,BR,2022-07-31 02:15:00,-5.8372,-43.8336,73.33,75,4,2.59
450,Hede,CN,2022-07-31 02:15:01,33.7681,120.2517,84.97,76,33,12.62
451,Segou,ML,2022-07-31 02:15:01,13.4317,-6.2157,76.08,78,64,5.41
452,Ust-Omchug,RU,2022-07-31 02:15:02,61.15,149.6333,51.82,83,100,4.23
453,Madang,PG,2022-07-31 02:15:02,-5.2246,145.7966,84.38,69,60,6.2
454,Hoopstad,ZA,2022-07-31 02:15:03,-27.8327,25.9083,43.83,48,18,6.49
455,Excelsior Springs,US,2022-07-31 02:11:41,39.3392,-94.2261,74.5,79,100,3.44
456,Kaeo,NZ,2022-07-31 02:15:04,-35.1,173.7833,60.33,64,27,13.18
457,Luwuk,ID,2022-07-31 02:15:04,-0.9516,122.7875,81.86,85,90,4.59
458,Nanma,CN,2022-07-31 02:15:05,36.1817,118.1583,82.67,70,1,6.06
459,Leland,US,2022-07-31 02:12:31,34.2563,-78.0447,82.42,94,40,0.0
460,Dunedin,NZ,2022-07-31 02:15:05,-45.8742,170.5036,48.79,69,99,13.0
461,Charagua,BO,2022-07-31 02:15:06,-19.8,-63.2167,58.19,48,0,4.23
462,Koutsouras,GR,2022-07-31 02:15:06,35.0339,25.9469,83.1,31,0,10.58
463,Kallifonion,GR,2022-07-31 02:15:07,39.2725,21.9561,74.23,47,0,3.02
464,Byron Bay,AU,2022-07-31 02:15:07,-28.65,153.6167,64.94,54,100,4.29
465,Buala,SB,2022-07-31 02:16:08,-8.145,159.5921,85.89,65,28,8.63
466,Le Port,RE,2022-07-31 02:16:08,-20.9373,55.2919,71.51,64,39,11.68
467,Petatlan,MX,2022-07-31 02:16:09,17.5167,-101.2667,78.58,83,100,2.3
468,Warrnambool,AU,2022-07-31 02:16:09,-38.3833,142.4833,53.35,65,100,24.43
469,Cockburn Town,TC,2022-07-31 02:16:03,21.4612,-71.1419,82.31,86,42,23.04
470,Katima Mulilo,NA,2022-07-31 02:16:10,-17.5,24.2667,52.79,43,0,4.25
471,Arima,TT,2022-07-31 02:16:10,10.6333,-61.2833,79.63,78,20,0.0
472,Marzuq,YE,2022-07-31 02:16:11,14.4,46.4667,71.02,77,100,7.54
473,Kununurra,AU,2022-07-31 02:16:12,-15.7667,128.7333,84.18,20,16,6.91
474,Alamosa,US,2022-07-31 02:16:12,37.4695,-105.87,64.38,68,100,20.71
475,Walvis Bay,NA,2022-07-31 02:16:13,-22.9575,14.5053,53.1,93,1,4.61
476,Conde,BR,2022-07-31 02:14:31,-7.2597,-34.9075,72.86,100,75,3.44
477,Alofi,NU,2022-07-31 02:15:23,-19.0595,-169.9187,80.49,74,9,12.66
478,Seminole,US,2022-07-31 02:16:13,28.7086,-81.2081,84.56,83,0,9.22
479,Namatanai,PG,2022-07-31 02:16:14,-3.6667,152.4333,83.34,71,91,10.25
480,Tomiya,JP,2022-07-31 02:16:14,38.3931,140.8861,90.18,47,4,4.61
481,Yar-Sale,RU,2022-07-31 02:16:15,66.8333,70.8333,52.41,64,65,11.72
482,Raudeberg,NO,2022-07-31 02:16:16,61.9875,5.1352,55.96,88,100,15.55
483,Maldonado,UY,2022-07-31 02:16:16,-34.6667,-54.9167,52.23,85,100,4.45
484,Burley,US,2022-07-31 02:16:17,42.5357,-113.7928,84.16,26,0,8.05
485,Akdepe,TM,2022-07-31 02:16:17,42.0551,59.3788,77.09,39,19,8.9
486,Bubaque,GW,2022-07-31 02:16:18,11.2833,-15.8333,79.16,80,94,15.73
487,Buchanan,LR,2022-07-31 02:16:18,5.8808,-10.0467,74.26,79,15,6.26
488,Ankazoabo,MG,2022-07-31 02:16:19,-22.2833,44.5167,62.87,82,11,2.48
489,Codrington,AU,2022-07-31 02:16:19,-38.2667,141.9667,48.74,86,100,22.03
490,Bathsheba,BB,2022-07-31 02:16:20,13.2167,-59.5167,83.01,94,40,20.71
491,Geraldton,AU,2022-07-31 02:12:58,-28.7667,114.6,55.81,76,0,13.8
492,Carauari,BR,2022-07-31 02:16:21,-4.8828,-66.8958,75.43,86,15,2.55
493,Fonte Boa,BR,2022-07-31 02:16:21,-2.4959,-66.2662,72.55,96,100,2.42
494,Mogocha,RU,2022-07-31 02:16:21,53.7333,119.7667,65.21,91,100,3.4
495,Avera,US,2022-07-31 02:16:22,33.194,-82.5271,78.55,78,30,8.97
496,Sao Jose Da Coroa Grande,BR,2022-07-31 02:16:22,-8.8978,-35.1478,75.4,87,100,8.23
497,Yashan,CN,2022-07-31 02:16:23,22.1975,109.9419,86.83,72,96,2.51
498,Rehoboth,NA,2022-07-31 02:16:23,-23.3167,17.0833,46.27,27,2,3.53
499,Jalu,LY,2022-07-31 02:16:24,29.0331,21.5482,80.56,51,0,7.92
500,Sulangan,PH,2022-07-31 02:16:24,11.1373,123.7228,83.77,73,100,8.32
501,Beira,MZ,2022-07-31 02:16:25,-19.8436,34.8389,60.89,100,0,5.75
502,Praia,CV,2022-07-31 02:16:25,14.9215,-23.5087,77.54,78,75,11.5
503,Pringsewu,ID,2022-07-31 02:16:26,-5.3582,104.9744,79.2,81,68,1.19
504,Amposta,ES,2022-07-31 02:16:26,40.7131,0.581,76.23,86,7,3.87
505,Santa Vitoria Do Palmar,BR,2022-07-31 02:16:27,-33.5189,-53.3681,48.43,78,11,4.23
506,Agadir,MA,2022-07-31 02:13:34,30.4202,-9.5982,68.45,56,1,3.96
507,Tiznit,MA,2022-07-31 02:13:37,29.5833,-9.5,84.9,21,0,2.66
508,Coihaique,CL,2022-07-31 02:15:05,-45.5752,-72.0662,32.61,93,20,0.0
509,Dmitriyevka,RU,2022-07-31 02:16:28,54.75,55.3333,56.75,77,56,3.0
510,Japura,ID,2022-07-31 02:16:29,-0.3167,102.35,82.06,72,88,4.23
511,Mucurapo,TT,2022-07-31 02:17:29,10.6667,-61.5333,80.13,72,48,10.11
512,Saint-Francois,FR,2022-07-31 02:13:53,46.4154,3.9054,58.44,82,0,0.0
513,Egvekinot,RU,2022-07-31 02:17:30,66.3167,-179.1667,52.21,49,100,4.25
514,Stephenville,US,2022-07-31 02:15:57,32.2207,-98.2023,95.13,24,40,3.44
515,Dingli,MT,2022-07-31 02:17:30,35.8614,14.3822,78.82,80,0,16.17
516,Raiwind,PK,2022-07-31 02:17:31,31.2544,74.2178,80.71,88,100,8.48
517,Bend,US,2022-07-31 02:13:26,44.0582,-121.3153,94.28,21,0,14.97
518,Rawson,AR,2022-07-31 02:17:32,-43.3002,-65.1023,44.85,57,91,6.64
519,Kapoeta,SS,2022-07-31 02:17:32,4.7717,33.5903,68.68,92,97,4.54
520,Vanimo,PG,2022-07-31 02:17:32,-2.6741,141.3028,85.59,65,20,6.96
521,Seoul,KR,2022-07-31 02:14:37,37.5683,126.9778,85.39,78,75,1.14
522,Merauke,ID,2022-07-31 02:17:33,-8.4667,140.3333,80.58,78,97,15.43
523,Labytnangi,RU,2022-07-31 02:17:34,66.6572,66.4183,54.05,64,24,10.42
524,Touros,BR,2022-07-31 02:17:34,-5.1989,-35.4608,76.01,85,100,13.31
525,Gizo,SB,2022-07-31 02:17:34,-8.103,156.8419,84.38,70,14,8.1
526,Ust-Koksa,RU,2022-07-31 02:17:35,50.2696,85.6108,62.53,79,18,1.52
527,Chardara,KZ,2022-07-31 02:17:35,41.2547,67.9692,77.32,39,0,3.51
528,Ponto Novo,BR,2022-07-31 02:17:36,-10.8628,-40.1336,69.64,76,12,4.38
529,Muscat,OM,2022-07-31 02:17:36,23.6139,58.5922,87.82,82,79,3.89
530,Tautira,PF,2022-07-31 02:17:37,-17.7333,-149.15,77.86,69,18,21.9
531,Sivas,TR,2022-07-31 02:17:37,39.7916,37.0019,56.03,87,0,8.05
532,Port Moresby,PG,2022-07-31 02:17:38,-9.4431,147.1797,87.22,66,40,11.5
533,Katherine,AU,2022-07-31 02:17:38,-14.4667,132.2667,86.32,25,60,9.22
534,Paros,GR,2022-07-31 02:17:39,37.0833,25.15,78.39,73,0,9.22
535,Cairns,AU,2022-07-31 02:17:39,-16.9167,145.7667,77.07,73,100,14.97
536,Vao,NC,2022-07-31 02:17:40,-22.6667,167.4833,67.91,74,96,24.49
537,Olafsvik,IS,2022-07-31 02:17:40,64.8945,-23.7142,48.65,76,2,6.51
538,Kulhudhuffushi,MV,2022-07-31 02:17:41,6.6221,73.07,80.83,81,100,18.32
539,Batemans Bay,AU,2022-07-31 02:17:41,-35.7167,150.1833,60.73,43,100,8.12
540,Faranah,GN,2022-07-31 02:17:42,10.0404,-10.7434,68.54,98,100,6.04
541,Cururupu,BR,2022-07-31 02:17:42,-1.8283,-44.8683,74.03,96,71,2.98
542,Save,BJ,2022-07-31 02:17:43,8.0425,2.486,70.12,97,100,3.15
543,Savannakhet,LA,2022-07-31 02:17:43,16.566,104.751,82.42,78,75,2.3
544,Lagoa,PT,2022-07-31 02:17:44,39.05,-27.9833,72.54,72,0,6.02
545,Atar,MR,2022-07-31 02:17:44,20.5169,-13.0499,83.37,58,99,8.37
546,Cajaruro,PE,2022-07-31 02:17:44,-5.7364,-78.4256,74.3,74,5,4.03
547,Rio Grande,BR,2022-07-31 02:17:45,-32.035,-52.0986,50.5,72,0,4.63
548,Fengzhen,CN,2022-07-31 02:13:05,40.4394,113.1536,78.51,48,0,8.08
549,Bairiki,KI,2022-07-31 02:17:46,1.3292,172.9752,86.0,66,20,12.66
550,Springdale,US,2022-07-31 02:17:46,36.1867,-94.1288,78.62,84,20,0.0
551,Beringovskiy,RU,2022-07-31 02:17:47,63.05,179.3167,51.64,69,100,5.93
552,Vanavara,RU,2022-07-31 02:17:47,60.34,102.2797,68.05,77,35,5.55
553,Tieling,CN,2022-07-31 02:17:47,42.2931,123.8414,83.68,72,6,7.65
554,Tooele,US,2022-07-31 02:17:48,40.5308,-112.2983,88.5,30,0,3.44
555,Sigayevo,RU,2022-07-31 02:17:48,56.4216,53.7757,64.92,69,100,1.88
556,Sampit,ID,2022-07-31 02:17:49,-2.5333,112.95,74.25,99,100,0.31
557,Chulym,RU,2022-07-31 02:17:49,55.0997,80.9572,69.55,72,100,6.93
558,Badnawar,IN,2022-07-31 02:17:50,23.0167,75.2167,75.29,86,82,9.57
559,Gamba,GA,2022-07-31 02:17:50,-2.65,10.0,72.12,85,78,5.19
560,Monchegorsk,RU,2022-07-31 02:18:51,67.9397,32.8739,52.45,98,90,1.57
561,San Carlos,VE,2022-07-31 02:18:51,9.6612,-68.5827,73.45,95,42,1.95
562,Inhambane,MZ,2022-07-31 02:18:52,-23.865,35.3833,63.61,88,0,5.91
563,Beyneu,KZ,2022-07-31 02:18:52,45.3167,55.2,81.07,38,36,5.86
564,Imeni Zhelyabova,RU,2022-07-31 02:18:53,58.9544,36.5956,52.23,92,59,3.83
565,Jega,NG,2022-07-31 02:18:53,12.2175,4.3792,73.76,84,100,14.09
566,Tomatlan,MX,2022-07-31 02:18:54,19.9333,-105.25,79.14,81,100,2.46
567,Marrakesh,MA,2022-07-31 02:13:54,31.6315,-8.0083,82.47,39,0,1.14
568,Quesnel,CA,2022-07-31 02:18:55,52.9999,-122.5029,90.1,29,0,3.44
569,Platteville,US,2022-07-31 02:18:55,42.7342,-90.4785,71.83,83,0,3.44
570,Pathankot,IN,2022-07-31 02:18:55,32.2833,75.65,78.84,86,100,4.29
571,Samana,DO,2022-07-31 02:18:56,19.2056,-69.3369,79.97,86,100,10.8
572,Eirunepe,BR,2022-07-31 02:18:56,-6.6603,-69.8736,77.85,68,75,1.14
573,Barcelos,PT,2022-07-31 02:17:07,41.5388,-8.6151,77.85,52,0,4.61
574,Capreol,CA,2022-07-31 02:18:39,46.706,-80.9225,60.55,80,4,7.23
575,Ust-Maya,RU,2022-07-31 02:18:57,60.4167,134.5333,78.82,51,89,6.29
576,Price,US,2022-07-31 02:18:58,39.5994,-110.8107,79.86,38,20,10.36
577,Tshikapa,CD,2022-07-31 02:18:58,-6.4167,20.8,71.82,40,1,0.83
578,Keti Bandar,PK,2022-07-31 02:18:59,24.1447,67.4497,81.93,81,94,18.43
579,Bhongir,IN,2022-07-31 02:18:59,17.5108,78.8889,74.5,78,99,3.18
580,Sajanan,TN,2022-07-31 02:19:00,37.0573,9.2426,74.32,86,0,6.8
581,Shrewsbury,GB,2022-07-31 02:19:00,52.7101,-2.7521,65.68,95,100,8.05
